"AllTRLs_ID","date","predicted","actual","Trail_name"
5,"2016-01-15",6.84149017083545,NA,"Dingford Creek"
6,"2016-01-15",275.469146198738,NA,"Snow Lake"
38,"2016-01-15",54.857753090189,NA,"Quartz Creek"
39,"2016-01-15",54.857753090189,NA,"Marten Lake"
40,"2016-01-15",33.9127541314193,NA,"Snoqualmie Lake"
42,"2016-01-15",57.093999846022,NA,"CCC"
43,"2016-01-15",54.857753090189,NA,"Middle Fork Lake"
44,"2016-01-15",54.857753090189,NA,"Pratt River"
62,"2016-01-15",62.9421283190855,NA,"Pratt Lake"
64,"2016-01-15",59.2565075797145,NA,"Melakwa Lake Trail"
66,"2016-01-15",54.857753090189,NA,"Kaleetan Lake"
90,"2016-01-15",70.0116008896835,NA,"Mailbox Peak"
91,"2016-01-15",54.857753090189,NA,"Boulder Garden"
93,"2016-01-15",80.615813449294,NA,"Mt. Si"
94,"2016-01-15",54.857753090189,NA,"Teneriffe"
95,"2016-01-15",54.857753090189,NA,"Granite Creek"
96,"2016-01-15",54.857753090189,NA,"Little Si"
97,"2016-01-15",54.857753090189,NA,"Thompson Lake"
98,"2016-01-15",54.857753090189,NA,"CCC Trail (DNR)"
99,"2016-01-15",54.857753090189,NA,"High Lakes"
100,"2016-01-15",54.857753090189,NA,"Williams Lake"
101,"2016-01-15",54.857753090189,NA,"Rock Creek"
102,"2016-01-15",54.857753090189,NA,"Nordrum Lake"
103,"2016-01-15",54.857753090189,NA,"Hester Lake"
104,"2016-01-15",54.857753090189,NA,"Granite Creak Connector"
105,"2016-01-15",54.857753090189,NA,"Dutch Miller Gap"
5,"2016-10-15",14.1042263555128,26,"Dingford Creek"
6,"2016-10-15",2202.64311400859,3358,"Snow Lake"
38,"2016-10-15",117.703183573082,NA,"Quartz Creek"
39,"2016-10-15",118.480130635946,NA,"Marten Lake"
40,"2016-10-15",100.602352623269,219,"Snoqualmie Lake"
42,"2016-10-15",117.703183573082,NA,"CCC"
43,"2016-10-15",116.625626796253,NA,"Middle Fork Lake"
44,"2016-10-15",116.625626796253,NA,"Pratt River"
62,"2016-10-15",122.541074384927,NA,"Pratt Lake"
64,"2016-10-15",144.356832502461,NA,"Melakwa Lake Trail"
66,"2016-10-15",116.625626796253,NA,"Kaleetan Lake"
90,"2016-10-15",157.391028286097,NA,"Mailbox Peak"
91,"2016-10-15",116.625626796253,NA,"Boulder Garden"
93,"2016-10-15",186.8679896248,NA,"Mt. Si"
94,"2016-10-15",116.625626796253,NA,"Teneriffe"
95,"2016-10-15",116.625626796253,NA,"Granite Creek"
96,"2016-10-15",120.059409511838,NA,"Little Si"
97,"2016-10-15",116.625626796253,NA,"Thompson Lake"
98,"2016-10-15",116.625626796253,NA,"CCC Trail (DNR)"
99,"2016-10-15",116.625626796253,NA,"High Lakes"
100,"2016-10-15",116.625626796253,NA,"Williams Lake"
101,"2016-10-15",116.625626796253,NA,"Rock Creek"
102,"2016-10-15",116.625626796253,NA,"Nordrum Lake"
103,"2016-10-15",116.625626796253,NA,"Hester Lake"
104,"2016-10-15",116.625626796253,NA,"Granite Creak Connector"
105,"2016-10-15",122.974732218916,NA,"Dutch Miller Gap"
5,"2016-11-15",11.3123460253833,44.5,"Dingford Creek"
6,"2016-11-15",2171.19406381285,3778,"Snow Lake"
38,"2016-11-15",107.460477166706,NA,"Quartz Creek"
39,"2016-11-15",115.25382564249,NA,"Marten Lake"
40,"2016-11-15",110.64261170157,287.5,"Snoqualmie Lake"
42,"2016-11-15",108.897198040145,NA,"CCC"
43,"2016-11-15",112.904939579157,NA,"Middle Fork Lake"
44,"2016-11-15",107.460477166706,NA,"Pratt River"
62,"2016-11-15",126.738946175368,NA,"Pratt Lake"
64,"2016-11-15",128.778448640795,NA,"Melakwa Lake Trail"
66,"2016-11-15",107.460477166706,NA,"Kaleetan Lake"
90,"2016-11-15",157.596085053835,NA,"Mailbox Peak"
91,"2016-11-15",107.460477166706,NA,"Boulder Garden"
93,"2016-11-15",174.81968117671,NA,"Mt. Si"
94,"2016-11-15",112.415184928325,NA,"Teneriffe"
95,"2016-11-15",107.460477166706,NA,"Granite Creek"
96,"2016-11-15",116.011673738176,NA,"Little Si"
97,"2016-11-15",107.460477166706,NA,"Thompson Lake"
98,"2016-11-15",107.460477166706,NA,"CCC Trail (DNR)"
99,"2016-11-15",107.822695351299,NA,"High Lakes"
100,"2016-11-15",107.460477166706,NA,"Williams Lake"
101,"2016-11-15",107.460477166706,NA,"Rock Creek"
102,"2016-11-15",107.460477166706,NA,"Nordrum Lake"
103,"2016-11-15",107.460477166706,NA,"Hester Lake"
104,"2016-11-15",107.460477166706,NA,"Granite Creak Connector"
105,"2016-11-15",107.460477166706,NA,"Dutch Miller Gap"
5,"2016-12-15",8.36167994809165,11.5,"Dingford Creek"
6,"2016-12-15",1916.06324936208,NA,"Snow Lake"
38,"2016-12-15",96.182252248461,NA,"Quartz Creek"
39,"2016-12-15",96.182252248461,NA,"Marten Lake"
40,"2016-12-15",79.6367034607875,137,"Snoqualmie Lake"
42,"2016-12-15",99.842033620053,NA,"CCC"
43,"2016-12-15",96.182252248461,NA,"Middle Fork Lake"
44,"2016-12-15",96.42129430402,NA,"Pratt River"
62,"2016-12-15",102.657996029118,NA,"Pratt Lake"
64,"2016-12-15",114.430102919597,NA,"Melakwa Lake Trail"
66,"2016-12-15",96.182252248461,NA,"Kaleetan Lake"
90,"2016-12-15",138.858794248259,NA,"Mailbox Peak"
91,"2016-12-15",96.182252248461,NA,"Boulder Garden"
93,"2016-12-15",181.093447100985,NA,"Mt. Si"
94,"2016-12-15",96.182252248461,NA,"Teneriffe"
95,"2016-12-15",96.182252248461,NA,"Granite Creek"
96,"2016-12-15",96.83037747516,NA,"Little Si"
97,"2016-12-15",96.182252248461,NA,"Thompson Lake"
98,"2016-12-15",96.182252248461,NA,"CCC Trail (DNR)"
99,"2016-12-15",96.182252248461,NA,"High Lakes"
100,"2016-12-15",96.182252248461,NA,"Williams Lake"
101,"2016-12-15",96.182252248461,NA,"Rock Creek"
102,"2016-12-15",96.182252248461,NA,"Nordrum Lake"
103,"2016-12-15",96.182252248461,NA,"Hester Lake"
104,"2016-12-15",96.182252248461,NA,"Granite Creak Connector"
105,"2016-12-15",97.4785027018585,NA,"Dutch Miller Gap"
5,"2016-02-15",3.50848476738697,NA,"Dingford Creek"
6,"2016-02-15",217.944524371171,NA,"Snow Lake"
38,"2016-02-15",36.4471052588153,NA,"Quartz Creek"
39,"2016-02-15",36.4471052588153,NA,"Marten Lake"
40,"2016-02-15",22.05879113389,NA,"Snoqualmie Lake"
42,"2016-02-15",38.0854418355032,NA,"CCC"
43,"2016-02-15",36.855929598461,NA,"Middle Fork Lake"
44,"2016-02-15",36.4471052588153,NA,"Pratt River"
62,"2016-02-15",40.1054738417283,NA,"Pratt Lake"
64,"2016-02-15",37.0472615463284,NA,"Melakwa Lake Trail"
66,"2016-02-15",36.4471052588153,NA,"Kaleetan Lake"
90,"2016-02-15",52.1240287897615,NA,"Mailbox Peak"
91,"2016-02-15",36.4471052588153,NA,"Boulder Garden"
93,"2016-02-15",48.6041413376104,NA,"Mt. Si"
94,"2016-02-15",38.985842789484,NA,"Teneriffe"
95,"2016-02-15",36.4471052588153,NA,"Granite Creek"
96,"2016-02-15",37.6766174958575,NA,"Little Si"
97,"2016-02-15",36.4471052588153,NA,"Thompson Lake"
98,"2016-02-15",36.4471052588153,NA,"CCC Trail (DNR)"
99,"2016-02-15",36.4471052588153,NA,"High Lakes"
100,"2016-02-15",36.4471052588153,NA,"Williams Lake"
101,"2016-02-15",36.4471052588153,NA,"Rock Creek"
102,"2016-02-15",36.4471052588153,NA,"Nordrum Lake"
103,"2016-02-15",36.4471052588153,NA,"Hester Lake"
104,"2016-02-15",36.4471052588153,NA,"Granite Creak Connector"
105,"2016-02-15",37.6766174958575,NA,"Dutch Miller Gap"
5,"2016-03-15",11.6719092980312,NA,"Dingford Creek"
6,"2016-03-15",483.848574666151,NA,"Snow Lake"
38,"2016-03-15",91.329240884949,NA,"Quartz Creek"
39,"2016-03-15",91.329240884949,NA,"Marten Lake"
40,"2016-03-15",70.585014960597,NA,"Snoqualmie Lake"
42,"2016-03-15",92.3607323045235,NA,"CCC"
43,"2016-03-15",93.559715632808,NA,"Middle Fork Lake"
44,"2016-03-15",91.329240884949,NA,"Pratt River"
62,"2016-03-15",95.3133927607755,NA,"Pratt Lake"
64,"2016-03-15",97.9684191468745,NA,"Melakwa Lake Trail"
66,"2016-03-15",91.329240884949,NA,"Kaleetan Lake"
90,"2016-03-15",143.385496853022,NA,"Mailbox Peak"
91,"2016-03-15",91.329240884949,NA,"Boulder Garden"
93,"2016-03-15",133.331951075288,NA,"Mt. Si"
94,"2016-03-15",91.329240884949,NA,"Teneriffe"
95,"2016-03-15",91.329240884949,NA,"Granite Creek"
96,"2016-03-15",91.329240884949,NA,"Little Si"
97,"2016-03-15",91.329240884949,NA,"Thompson Lake"
98,"2016-03-15",91.329240884949,NA,"CCC Trail (DNR)"
99,"2016-03-15",91.329240884949,NA,"High Lakes"
100,"2016-03-15",91.329240884949,NA,"Williams Lake"
101,"2016-03-15",91.329240884949,NA,"Rock Creek"
102,"2016-03-15",91.329240884949,NA,"Nordrum Lake"
103,"2016-03-15",91.6272281123905,NA,"Hester Lake"
104,"2016-03-15",91.329240884949,NA,"Granite Creak Connector"
105,"2016-03-15",94.591207052382,NA,"Dutch Miller Gap"
5,"2016-04-15",27.9220741398825,NA,"Dingford Creek"
6,"2016-04-15",984.916215385555,NA,"Snow Lake"
38,"2016-04-15",147.952149035634,NA,"Quartz Creek"
39,"2016-04-15",147.952149035634,NA,"Marten Lake"
40,"2016-04-15",113.798268677202,NA,"Snoqualmie Lake"
42,"2016-04-15",153.740268602071,NA,"CCC"
43,"2016-04-15",152.287938891067,NA,"Middle Fork Lake"
44,"2016-04-15",149.592754358882,NA,"Pratt River"
62,"2016-04-15",158.640195643647,NA,"Pratt Lake"
64,"2016-04-15",155.997514138565,NA,"Melakwa Lake Trail"
66,"2016-04-15",147.952149035634,NA,"Kaleetan Lake"
90,"2016-04-15",226.395794022907,NA,"Mailbox Peak"
91,"2016-04-15",147.952149035634,NA,"Boulder Garden"
93,"2016-04-15",221.56605963505,NA,"Mt. Si"
94,"2016-04-15",147.952149035634,NA,"Teneriffe"
95,"2016-04-15",147.952149035634,NA,"Granite Creek"
96,"2016-04-15",149.254349926357,NA,"Little Si"
97,"2016-04-15",147.952149035634,NA,"Thompson Lake"
98,"2016-04-15",147.952149035634,NA,"CCC Trail (DNR)"
99,"2016-04-15",147.952149035634,NA,"High Lakes"
100,"2016-04-15",147.952149035634,NA,"Williams Lake"
101,"2016-04-15",147.952149035634,NA,"Rock Creek"
102,"2016-04-15",152.209418483824,NA,"Nordrum Lake"
103,"2016-04-15",147.952149035634,NA,"Hester Lake"
104,"2016-04-15",147.952149035634,NA,"Granite Creak Connector"
105,"2016-04-15",152.287938891067,NA,"Dutch Miller Gap"
5,"2016-05-15",36.7897326673107,NA,"Dingford Creek"
6,"2016-05-15",1431.5095445352,NA,"Snow Lake"
38,"2016-05-15",165.917725122672,NA,"Quartz Creek"
39,"2016-05-15",165.917725122672,NA,"Marten Lake"
40,"2016-05-15",153.148675414441,NA,"Snoqualmie Lake"
42,"2016-05-15",165.917725122672,NA,"CCC"
43,"2016-05-15",170.30273479893,NA,"Middle Fork Lake"
44,"2016-05-15",168.075283629206,NA,"Pratt River"
62,"2016-05-15",190.526540074317,NA,"Pratt Lake"
64,"2016-05-15",188.946729633563,NA,"Melakwa Lake Trail"
66,"2016-05-15",165.917725122672,NA,"Kaleetan Lake"
90,"2016-05-15",274.038969201804,NA,"Mailbox Peak"
91,"2016-05-15",165.917725122672,NA,"Boulder Garden"
93,"2016-05-15",230.942475182875,NA,"Mt. Si"
94,"2016-05-15",165.917725122672,NA,"Teneriffe"
95,"2016-05-15",165.917725122672,NA,"Granite Creek"
96,"2016-05-15",170.30273479893,NA,"Little Si"
97,"2016-05-15",165.917725122672,NA,"Thompson Lake"
98,"2016-05-15",165.917725122672,NA,"CCC Trail (DNR)"
99,"2016-05-15",165.917725122672,NA,"High Lakes"
100,"2016-05-15",165.917725122672,NA,"Williams Lake"
101,"2016-05-15",165.917725122672,NA,"Rock Creek"
102,"2016-05-15",165.917725122672,NA,"Nordrum Lake"
103,"2016-05-15",179.777752611238,NA,"Hester Lake"
104,"2016-05-15",165.917725122672,NA,"Granite Creak Connector"
105,"2016-05-15",167.375781928637,NA,"Dutch Miller Gap"
5,"2016-06-15",65.0455372731185,NA,"Dingford Creek"
6,"2016-06-15",3821.45471536452,NA,"Snow Lake"
38,"2016-06-15",307.849718600064,NA,"Quartz Creek"
39,"2016-06-15",317.964819177902,NA,"Marten Lake"
40,"2016-06-15",301.40649345346,NA,"Snoqualmie Lake"
42,"2016-06-15",309.997535371062,NA,"CCC"
43,"2016-06-15",307.849718600064,NA,"Middle Fork Lake"
44,"2016-06-15",307.849718600064,NA,"Pratt River"
62,"2016-06-15",386.610224210489,NA,"Pratt Lake"
64,"2016-06-15",419.574760070349,NA,"Melakwa Lake Trail"
66,"2016-06-15",310.293876348358,NA,"Kaleetan Lake"
90,"2016-06-15",503.39278843985,NA,"Mailbox Peak"
91,"2016-06-15",307.849718600064,NA,"Boulder Garden"
93,"2016-06-15",442.246588264334,NA,"Mt. Si"
94,"2016-06-15",307.849718600064,NA,"Teneriffe"
95,"2016-06-15",307.849718600064,NA,"Granite Creek"
96,"2016-06-15",314.309135877312,NA,"Little Si"
97,"2016-06-15",310.249613072656,NA,"Thompson Lake"
98,"2016-06-15",307.849718600064,NA,"CCC Trail (DNR)"
99,"2016-06-15",310.836900366335,NA,"High Lakes"
100,"2016-06-15",307.849718600064,NA,"Williams Lake"
101,"2016-06-15",307.849718600064,NA,"Rock Creek"
102,"2016-06-15",307.849718600064,NA,"Nordrum Lake"
103,"2016-06-15",318.151380499973,NA,"Hester Lake"
104,"2016-06-15",307.849718600064,NA,"Granite Creak Connector"
105,"2016-06-15",309.997535371062,NA,"Dutch Miller Gap"
5,"2016-07-15",82.2063623224245,NA,"Dingford Creek"
6,"2016-07-15",7958.8685519983,NA,"Snow Lake"
38,"2016-07-15",399.291986463261,NA,"Quartz Creek"
39,"2016-07-15",395.645342033507,NA,"Marten Lake"
40,"2016-07-15",326.689131772404,NA,"Snoqualmie Lake"
42,"2016-07-15",395.645342033507,NA,"CCC"
43,"2016-07-15",395.645342033507,NA,"Middle Fork Lake"
44,"2016-07-15",395.645342033507,NA,"Pratt River"
62,"2016-07-15",440.552350371398,NA,"Pratt Lake"
64,"2016-07-15",546.016588201125,NA,"Melakwa Lake Trail"
66,"2016-07-15",399.029601159063,NA,"Kaleetan Lake"
90,"2016-07-15",606.41746853131,NA,"Mailbox Peak"
91,"2016-07-15",395.645342033507,NA,"Boulder Garden"
93,"2016-07-15",527.589240338155,NA,"Mt. Si"
94,"2016-07-15",395.645342033507,NA,"Teneriffe"
95,"2016-07-15",395.645342033507,NA,"Granite Creek"
96,"2016-07-15",395.645342033507,NA,"Little Si"
97,"2016-07-15",399.854356316918,NA,"Thompson Lake"
98,"2016-07-15",395.645342033507,NA,"CCC Trail (DNR)"
99,"2016-07-15",406.413773385714,NA,"High Lakes"
100,"2016-07-15",395.645342033507,NA,"Williams Lake"
101,"2016-07-15",395.645342033507,NA,"Rock Creek"
102,"2016-07-15",395.645342033507,NA,"Nordrum Lake"
103,"2016-07-15",395.645342033507,NA,"Hester Lake"
104,"2016-07-15",395.645342033507,NA,"Granite Creak Connector"
105,"2016-07-15",395.645342033507,NA,"Dutch Miller Gap"
5,"2016-08-15",83.2507555352895,NA,"Dingford Creek"
6,"2016-08-15",8086.9234196852,NA,"Snow Lake"
38,"2016-08-15",364.381030489929,NA,"Quartz Creek"
39,"2016-08-15",380.244118360146,NA,"Marten Lake"
40,"2016-08-15",317.976418485337,NA,"Snoqualmie Lake"
42,"2016-08-15",364.381030489929,NA,"CCC"
43,"2016-08-15",377.695941387958,NA,"Middle Fork Lake"
44,"2016-08-15",364.381030489929,NA,"Pratt River"
62,"2016-08-15",451.535990959891,NA,"Pratt Lake"
64,"2016-08-15",496.587931582474,NA,"Melakwa Lake Trail"
66,"2016-08-15",368.214100545091,NA,"Kaleetan Lake"
90,"2016-08-15",547.70442103049,NA,"Mailbox Peak"
91,"2016-08-15",364.381030489929,NA,"Boulder Garden"
93,"2016-08-15",568.735562990455,NA,"Mt. Si"
94,"2016-08-15",364.381030489929,NA,"Teneriffe"
95,"2016-08-15",364.381030489929,NA,"Granite Creek"
96,"2016-08-15",364.381030489929,NA,"Little Si"
97,"2016-08-15",368.144684306815,NA,"Thompson Lake"
98,"2016-08-15",364.381030489929,NA,"CCC Trail (DNR)"
99,"2016-08-15",364.381030489929,NA,"High Lakes"
100,"2016-08-15",368.214100545091,NA,"Williams Lake"
101,"2016-08-15",364.381030489929,NA,"Rock Creek"
102,"2016-08-15",364.381030489929,NA,"Nordrum Lake"
103,"2016-08-15",416.575942977095,NA,"Hester Lake"
104,"2016-08-15",364.381030489929,NA,"Granite Creak Connector"
105,"2016-08-15",370.791791658542,NA,"Dutch Miller Gap"
5,"2016-09-15",76.739804646534,86.5,"Dingford Creek"
6,"2016-09-15",8450.0557247693,11317,"Snow Lake"
38,"2016-09-15",385.668347801514,NA,"Quartz Creek"
39,"2016-09-15",382.000355760574,NA,"Marten Lake"
40,"2016-09-15",310.465146431409,333.5,"Snoqualmie Lake"
42,"2016-09-15",389.788302790117,NA,"CCC"
43,"2016-09-15",384.637682658579,NA,"Middle Fork Lake"
44,"2016-09-15",382.000355760574,NA,"Pratt River"
62,"2016-09-15",445.16970399566,NA,"Pratt Lake"
64,"2016-09-15",541.18305205176,NA,"Melakwa Lake Trail"
66,"2016-09-15",382.000355760574,NA,"Kaleetan Lake"
90,"2016-09-15",548.07896077963,NA,"Mailbox Peak"
91,"2016-09-15",382.000355760574,NA,"Boulder Garden"
93,"2016-09-15",589.112338722055,NA,"Mt. Si"
94,"2016-09-15",382.000355760574,NA,"Teneriffe"
95,"2016-09-15",382.000355760574,NA,"Granite Creek"
96,"2016-09-15",414.097292023485,NA,"Little Si"
97,"2016-09-15",385.001562874506,NA,"Thompson Lake"
98,"2016-09-15",382.000355760574,NA,"CCC Trail (DNR)"
99,"2016-09-15",382.000355760574,NA,"High Lakes"
100,"2016-09-15",382.000355760574,NA,"Williams Lake"
101,"2016-09-15",382.000355760574,NA,"Rock Creek"
102,"2016-09-15",382.000355760574,NA,"Nordrum Lake"
103,"2016-09-15",382.000355760574,NA,"Hester Lake"
104,"2016-09-15",382.000355760574,NA,"Granite Creak Connector"
105,"2016-09-15",387.438111378481,NA,"Dutch Miller Gap"
5,"2017-01-15",12.3495801057651,24.5,"Dingford Creek"
6,"2017-01-15",678.064291250985,NA,"Snow Lake"
38,"2017-01-15",81.669010581037,NA,"Quartz Creek"
39,"2017-01-15",81.669010581037,NA,"Marten Lake"
40,"2017-01-15",52.5686226496765,73,"Snoqualmie Lake"
42,"2017-01-15",81.669010581037,NA,"CCC"
43,"2017-01-15",82.492261709026,NA,"Middle Fork Lake"
44,"2017-01-15",83.3666614861655,NA,"Pratt River"
62,"2017-01-15",82.077021783738,NA,"Pratt Lake"
64,"2017-01-15",93.50273793899,NA,"Melakwa Lake Trail"
66,"2017-01-15",81.669010581037,NA,"Kaleetan Lake"
90,"2017-01-15",126.143245383331,NA,"Mailbox Peak"
91,"2017-01-15",81.669010581037,NA,"Boulder Garden"
93,"2017-01-15",159.260512026868,NA,"Mt. Si"
94,"2017-01-15",81.669010581037,NA,"Teneriffe"
95,"2017-01-15",81.669010581037,NA,"Granite Creek"
96,"2017-01-15",81.669010581037,NA,"Little Si"
97,"2017-01-15",83.692990275599,NA,"Thompson Lake"
98,"2017-01-15",81.669010581037,NA,"CCC Trail (DNR)"
99,"2017-01-15",81.669010581037,NA,"High Lakes"
100,"2017-01-15",81.669010581037,NA,"Williams Lake"
101,"2017-01-15",81.669010581037,NA,"Rock Creek"
102,"2017-01-15",81.669010581037,NA,"Nordrum Lake"
103,"2017-01-15",81.669010581037,NA,"Hester Lake"
104,"2017-01-15",81.669010581037,NA,"Granite Creak Connector"
105,"2017-01-15",82.492261709026,NA,"Dutch Miller Gap"
5,"2017-10-15",24.8568424819129,NA,"Dingford Creek"
6,"2017-10-15",6334.44684998525,NA,"Snow Lake"
38,"2017-10-15",167.487543686724,NA,"Quartz Creek"
39,"2017-10-15",169.875204047317,NA,"Marten Lake"
40,"2017-10-15",184.622897500326,NA,"Snoqualmie Lake"
42,"2017-10-15",169.734510412945,NA,"CCC"
43,"2017-10-15",189.520672636344,NA,"Middle Fork Lake"
44,"2017-10-15",167.487543686724,NA,"Pratt River"
62,"2017-10-15",223.642814411566,NA,"Pratt Lake"
64,"2017-10-15",285.272484857908,NA,"Melakwa Lake Trail"
66,"2017-10-15",175.096151467946,NA,"Kaleetan Lake"
90,"2017-10-15",330.610232894927,NA,"Mailbox Peak"
91,"2017-10-15",171.071069958575,NA,"Boulder Garden"
93,"2017-10-15",366.282149345516,NA,"Mt. Si"
94,"2017-10-15",181.147307975385,NA,"Teneriffe"
95,"2017-10-15",167.487543686724,NA,"Granite Creek"
96,"2017-10-15",197.253114500843,NA,"Little Si"
97,"2017-10-15",169.292751219537,NA,"Thompson Lake"
98,"2017-10-15",167.487543686724,NA,"CCC Trail (DNR)"
99,"2017-10-15",197.399227597115,NA,"High Lakes"
100,"2017-10-15",167.487543686724,NA,"Williams Lake"
101,"2017-10-15",167.487543686724,NA,"Rock Creek"
102,"2017-10-15",167.487543686724,NA,"Nordrum Lake"
103,"2017-10-15",167.487543686724,NA,"Hester Lake"
104,"2017-10-15",167.487543686724,NA,"Granite Creak Connector"
105,"2017-10-15",172.258344071686,NA,"Dutch Miller Gap"
5,"2017-11-15",25.8448687595467,NA,"Dingford Creek"
6,"2017-11-15",4920.75983729577,NA,"Snow Lake"
38,"2017-11-15",191.560795751861,NA,"Quartz Creek"
39,"2017-11-15",191.560795751861,NA,"Marten Lake"
40,"2017-11-15",173.140866959993,NA,"Snoqualmie Lake"
42,"2017-11-15",202.636467883506,NA,"CCC"
43,"2017-11-15",275.999253627466,NA,"Middle Fork Lake"
44,"2017-11-15",198.736572866744,NA,"Pratt River"
62,"2017-11-15",258.105588692418,NA,"Pratt Lake"
64,"2017-11-15",287.743485086763,NA,"Melakwa Lake Trail"
66,"2017-11-15",192.137459787075,NA,"Kaleetan Lake"
90,"2017-11-15",384.703232320922,NA,"Mailbox Peak"
91,"2017-11-15",202.274596208822,NA,"Boulder Garden"
93,"2017-11-15",513.47188770177,NA,"Mt. Si"
94,"2017-11-15",274.34451628533,NA,"Teneriffe"
95,"2017-11-15",191.560795751861,NA,"Granite Creek"
96,"2017-11-15",214.300332846781,NA,"Little Si"
97,"2017-11-15",191.560795751861,NA,"Thompson Lake"
98,"2017-11-15",191.560795751861,NA,"CCC Trail (DNR)"
99,"2017-11-15",202.956717000722,NA,"High Lakes"
100,"2017-11-15",191.560795751861,NA,"Williams Lake"
101,"2017-11-15",198.444726289813,NA,"Rock Creek"
102,"2017-11-15",191.560795751861,NA,"Nordrum Lake"
103,"2017-11-15",191.560795751861,NA,"Hester Lake"
104,"2017-11-15",191.560795751861,NA,"Granite Creak Connector"
105,"2017-11-15",191.560795751861,NA,"Dutch Miller Gap"
5,"2017-12-15",10.5989134162763,NA,"Dingford Creek"
6,"2017-12-15",1791.77012290453,NA,"Snow Lake"
38,"2017-12-15",100.154596715362,NA,"Quartz Creek"
39,"2017-12-15",100.154596715362,NA,"Marten Lake"
40,"2017-12-15",104.062128455341,NA,"Snoqualmie Lake"
42,"2017-12-15",100.154596715362,NA,"CCC"
43,"2017-12-15",147.46002965836,NA,"Middle Fork Lake"
44,"2017-12-15",108.275972061275,NA,"Pratt River"
62,"2017-12-15",115.189211377495,NA,"Pratt Lake"
64,"2017-12-15",100.154596715362,NA,"Melakwa Lake Trail"
66,"2017-12-15",101.554412254105,NA,"Kaleetan Lake"
90,"2017-12-15",127.230475948097,NA,"Mailbox Peak"
91,"2017-12-15",110.099866652723,NA,"Boulder Garden"
93,"2017-12-15",148.10833117267,NA,"Mt. Si"
94,"2017-12-15",102.468440386849,NA,"Teneriffe"
95,"2017-12-15",100.154596715362,NA,"Granite Creek"
96,"2017-12-15",104.815402936274,NA,"Little Si"
97,"2017-12-15",100.154596715362,NA,"Thompson Lake"
98,"2017-12-15",100.154596715362,NA,"CCC Trail (DNR)"
99,"2017-12-15",100.154596715362,NA,"High Lakes"
100,"2017-12-15",100.154596715362,NA,"Williams Lake"
101,"2017-12-15",100.154596715362,NA,"Rock Creek"
102,"2017-12-15",100.154596715362,NA,"Nordrum Lake"
103,"2017-12-15",100.154596715362,NA,"Hester Lake"
104,"2017-12-15",100.154596715362,NA,"Granite Creak Connector"
105,"2017-12-15",104.730996538652,NA,"Dutch Miller Gap"
5,"2017-02-15",6.722514253093,NA,"Dingford Creek"
6,"2017-02-15",394.963860586467,NA,"Snow Lake"
38,"2017-02-15",56.0897782776465,NA,"Quartz Creek"
39,"2017-02-15",56.0897782776465,NA,"Marten Lake"
40,"2017-02-15",39.5169328281406,85.5,"Snoqualmie Lake"
42,"2017-02-15",56.0897782776465,NA,"CCC"
43,"2017-02-15",65.1194113506225,NA,"Middle Fork Lake"
44,"2017-02-15",56.736157194379,NA,"Pratt River"
62,"2017-02-15",59.6733632223635,NA,"Pratt Lake"
64,"2017-02-15",64.0293738911255,NA,"Melakwa Lake Trail"
66,"2017-02-15",56.0897782776465,NA,"Kaleetan Lake"
90,"2017-02-15",83.452433790435,NA,"Mailbox Peak"
91,"2017-02-15",58.8141429648495,NA,"Boulder Garden"
93,"2017-02-15",141.229835409034,NA,"Mt. Si"
94,"2017-02-15",57.349670953562,NA,"Teneriffe"
95,"2017-02-15",56.0897782776465,NA,"Granite Creek"
96,"2017-02-15",56.0897782776465,NA,"Little Si"
97,"2017-02-15",56.0897782776465,NA,"Thompson Lake"
98,"2017-02-15",56.602829886822,NA,"CCC Trail (DNR)"
99,"2017-02-15",56.0897782776465,NA,"High Lakes"
100,"2017-02-15",56.0897782776465,NA,"Williams Lake"
101,"2017-02-15",56.0897782776465,NA,"Rock Creek"
102,"2017-02-15",56.0897782776465,NA,"Nordrum Lake"
103,"2017-02-15",56.0897782776465,NA,"Hester Lake"
104,"2017-02-15",56.0897782776465,NA,"Granite Creak Connector"
105,"2017-02-15",56.0897782776465,NA,"Dutch Miller Gap"
5,"2017-03-15",20.8520244914065,NA,"Dingford Creek"
6,"2017-03-15",773.47654672146,NA,"Snow Lake"
38,"2017-03-15",127.191910001918,NA,"Quartz Creek"
39,"2017-03-15",127.191910001918,NA,"Marten Lake"
40,"2017-03-15",100.034692001401,177,"Snoqualmie Lake"
42,"2017-03-15",130.234746797944,NA,"CCC"
43,"2017-03-15",209.994291752444,NA,"Middle Fork Lake"
44,"2017-03-15",149.263800002,NA,"Pratt River"
62,"2017-03-15",138.128569709071,NA,"Pratt Lake"
64,"2017-03-15",141.325733577452,NA,"Melakwa Lake Trail"
66,"2017-03-15",127.191910001918,NA,"Kaleetan Lake"
90,"2017-03-15",165.959068921796,NA,"Mailbox Peak"
91,"2017-03-15",145.508819939161,NA,"Boulder Garden"
93,"2017-03-15",460.901170572376,NA,"Mt. Si"
94,"2017-03-15",143.986323829531,NA,"Teneriffe"
95,"2017-03-15",127.191910001918,NA,"Granite Creek"
96,"2017-03-15",142.979205859116,NA,"Little Si"
97,"2017-03-15",127.191910001918,NA,"Thompson Lake"
98,"2017-03-15",127.191910001918,NA,"CCC Trail (DNR)"
99,"2017-03-15",127.191910001918,NA,"High Lakes"
100,"2017-03-15",127.191910001918,NA,"Williams Lake"
101,"2017-03-15",130.234746797944,NA,"Rock Creek"
102,"2017-03-15",127.191910001918,NA,"Nordrum Lake"
103,"2017-03-15",127.191910001918,NA,"Hester Lake"
104,"2017-03-15",127.191910001918,NA,"Granite Creak Connector"
105,"2017-03-15",128.146783877734,NA,"Dutch Miller Gap"
5,"2017-04-15",48.3980949327089,NA,"Dingford Creek"
6,"2017-04-15",1483.77346534578,NA,"Snow Lake"
38,"2017-04-15",223.671000928053,NA,"Quartz Creek"
39,"2017-04-15",223.671000928053,NA,"Marten Lake"
40,"2017-04-15",187.291511299456,294.5,"Snoqualmie Lake"
42,"2017-04-15",241.131366109386,NA,"CCC"
43,"2017-04-15",354.642582067711,NA,"Middle Fork Lake"
44,"2017-04-15",245.73210748796,NA,"Pratt River"
62,"2017-04-15",262.601958996244,NA,"Pratt Lake"
64,"2017-04-15",241.719819100338,NA,"Melakwa Lake Trail"
66,"2017-04-15",223.671000928053,NA,"Kaleetan Lake"
90,"2017-04-15",583.21974470702,NA,"Mailbox Peak"
91,"2017-04-15",233.27828454622,NA,"Boulder Garden"
93,"2017-04-15",946.895774040905,NA,"Mt. Si"
94,"2017-04-15",288.042314617838,NA,"Teneriffe"
95,"2017-04-15",226.456833226416,NA,"Granite Creek"
96,"2017-04-15",285.79824155214,NA,"Little Si"
97,"2017-04-15",226.456833226416,NA,"Thompson Lake"
98,"2017-04-15",223.671000928053,NA,"CCC Trail (DNR)"
99,"2017-04-15",231.588974713844,NA,"High Lakes"
100,"2017-04-15",223.671000928053,NA,"Williams Lake"
101,"2017-04-15",223.671000928053,NA,"Rock Creek"
102,"2017-04-15",223.671000928053,NA,"Nordrum Lake"
103,"2017-04-15",223.671000928053,NA,"Hester Lake"
104,"2017-04-15",226.456833226416,NA,"Granite Creak Connector"
105,"2017-04-15",225.674045201814,NA,"Dutch Miller Gap"
5,"2017-05-15",54.4045876915275,NA,"Dingford Creek"
6,"2017-05-15",2101.6655594347,NA,"Snow Lake"
38,"2017-05-15",235.972588067638,NA,"Quartz Creek"
39,"2017-05-15",235.972588067638,NA,"Marten Lake"
40,"2017-05-15",369.24372324526,887.5,"Snoqualmie Lake"
42,"2017-05-15",274.615487263841,NA,"CCC"
43,"2017-05-15",409.283229511175,NA,"Middle Fork Lake"
44,"2017-05-15",255.562971217956,NA,"Pratt River"
62,"2017-05-15",279.322151504304,NA,"Pratt Lake"
64,"2017-05-15",293.530604079084,NA,"Melakwa Lake Trail"
66,"2017-05-15",235.972588067638,NA,"Kaleetan Lake"
90,"2017-05-15",1211.63212222109,NA,"Mailbox Peak"
91,"2017-05-15",275.467910020811,NA,"Boulder Garden"
93,"2017-05-15",1067.49951597454,NA,"Mt. Si"
94,"2017-05-15",286.269557400585,NA,"Teneriffe"
95,"2017-05-15",237.849825722574,NA,"Granite Creek"
96,"2017-05-15",382.07445790181,NA,"Little Si"
97,"2017-05-15",243.484738463822,NA,"Thompson Lake"
98,"2017-05-15",235.972588067638,NA,"CCC Trail (DNR)"
99,"2017-05-15",235.972588067638,NA,"High Lakes"
100,"2017-05-15",235.972588067638,NA,"Williams Lake"
101,"2017-05-15",235.972588067638,NA,"Rock Creek"
102,"2017-05-15",235.972588067638,NA,"Nordrum Lake"
103,"2017-05-15",255.229317440151,NA,"Hester Lake"
104,"2017-05-15",237.849825722574,NA,"Granite Creak Connector"
105,"2017-05-15",235.972588067638,NA,"Dutch Miller Gap"
5,"2017-06-15",102.807460265416,247,"Dingford Creek"
6,"2017-06-15",5379.58410600555,4882.5,"Snow Lake"
38,"2017-06-15",417.873204377833,NA,"Quartz Creek"
39,"2017-06-15",456.948927145838,NA,"Marten Lake"
40,"2017-06-15",759.595375704905,NA,"Snoqualmie Lake"
42,"2017-06-15",427.772924460548,NA,"CCC"
43,"2017-06-15",620.58440410798,NA,"Middle Fork Lake"
44,"2017-06-15",500.55120759825,NA,"Pratt River"
62,"2017-06-15",726.527810385835,NA,"Pratt Lake"
64,"2017-06-15",862.43258692839,NA,"Melakwa Lake Trail"
66,"2017-06-15",471.495490352369,NA,"Kaleetan Lake"
90,"2017-06-15",1683.26466772876,NA,"Mailbox Peak"
91,"2017-06-15",460.03410656158,NA,"Boulder Garden"
93,"2017-06-15",1666.03165075367,NA,"Mt. Si"
94,"2017-06-15",577.196768981015,NA,"Teneriffe"
95,"2017-06-15",424.536640794283,NA,"Granite Creek"
96,"2017-06-15",576.821672805025,NA,"Little Si"
97,"2017-06-15",417.873204377833,NA,"Thompson Lake"
98,"2017-06-15",417.873204377833,NA,"CCC Trail (DNR)"
99,"2017-06-15",419.002354162562,NA,"High Lakes"
100,"2017-06-15",417.873204377833,NA,"Williams Lake"
101,"2017-06-15",417.873204377833,NA,"Rock Creek"
102,"2017-06-15",417.873204377833,NA,"Nordrum Lake"
103,"2017-06-15",446.239675513707,NA,"Hester Lake"
104,"2017-06-15",424.536640794283,NA,"Granite Creak Connector"
105,"2017-06-15",492.744548780117,NA,"Dutch Miller Gap"
5,"2017-07-15",129.18324440304,173.5,"Dingford Creek"
6,"2017-07-15",20280.4221739199,NA,"Snow Lake"
38,"2017-07-15",555.149628076665,NA,"Quartz Creek"
39,"2017-07-15",598.176299032685,NA,"Marten Lake"
40,"2017-07-15",741.775214287475,NA,"Snoqualmie Lake"
42,"2017-07-15",618.509444262555,NA,"CCC"
43,"2017-07-15",794.37565264444,NA,"Middle Fork Lake"
44,"2017-07-15",706.208735974405,NA,"Pratt River"
62,"2017-07-15",933.38082454292,NA,"Pratt Lake"
64,"2017-07-15",2043.70091837382,NA,"Melakwa Lake Trail"
66,"2017-07-15",620.744955122735,NA,"Kaleetan Lake"
90,"2017-07-15",1631.67345501706,NA,"Mailbox Peak"
91,"2017-07-15",611.2391433514,NA,"Boulder Garden"
93,"2017-07-15",1617.26721015775,NA,"Mt. Si"
94,"2017-07-15",650.10570132696,NA,"Teneriffe"
95,"2017-07-15",555.149628076665,NA,"Granite Creek"
96,"2017-07-15",646.07058316574,NA,"Little Si"
97,"2017-07-15",558.96183887953,NA,"Thompson Lake"
98,"2017-07-15",555.149628076665,NA,"CCC Trail (DNR)"
99,"2017-07-15",702.69446546502,NA,"High Lakes"
100,"2017-07-15",555.149628076665,NA,"Williams Lake"
101,"2017-07-15",579.010418745245,NA,"Rock Creek"
102,"2017-07-15",555.149628076665,NA,"Nordrum Lake"
103,"2017-07-15",574.08451092651,NA,"Hester Lake"
104,"2017-07-15",555.149628076665,NA,"Granite Creak Connector"
105,"2017-07-15",582.443302576635,NA,"Dutch Miller Gap"
5,"2017-08-15",156.990081082208,180.5,"Dingford Creek"
6,"2017-08-15",24951.015234328,NA,"Snow Lake"
38,"2017-08-15",691.402316169625,NA,"Quartz Creek"
39,"2017-08-15",740.0540872088,NA,"Marten Lake"
40,"2017-08-15",857.93408990857,NA,"Snoqualmie Lake"
42,"2017-08-15",696.082179702995,NA,"CCC"
43,"2017-08-15",1055.5184220627,NA,"Middle Fork Lake"
44,"2017-08-15",759.1985895132,NA,"Pratt River"
62,"2017-08-15",838.77178622525,NA,"Pratt Lake"
64,"2017-08-15",1637.96474400148,NA,"Melakwa Lake Trail"
66,"2017-08-15",789.15432126454,NA,"Kaleetan Lake"
90,"2017-08-15",1680.79348805333,NA,"Mailbox Peak"
91,"2017-08-15",691.402316169625,NA,"Boulder Garden"
93,"2017-08-15",1615.2235933495,NA,"Mt. Si"
94,"2017-08-15",728.228412327415,NA,"Teneriffe"
95,"2017-08-15",705.47669708088,NA,"Granite Creek"
96,"2017-08-15",869.748297120475,NA,"Little Si"
97,"2017-08-15",706.352842964065,NA,"Thompson Lake"
98,"2017-08-15",691.402316169625,NA,"CCC Trail (DNR)"
99,"2017-08-15",931.127593605685,NA,"High Lakes"
100,"2017-08-15",691.402316169625,NA,"Williams Lake"
101,"2017-08-15",691.402316169625,NA,"Rock Creek"
102,"2017-08-15",691.402316169625,NA,"Nordrum Lake"
103,"2017-08-15",730.514475003985,NA,"Hester Lake"
104,"2017-08-15",691.402316169625,NA,"Granite Creak Connector"
105,"2017-08-15",780.956918587905,NA,"Dutch Miller Gap"
5,"2017-09-15",76.8880514137205,NA,"Dingford Creek"
6,"2017-09-15",13588.4679026118,6796.96,"Snow Lake"
38,"2017-09-15",397.620505379926,NA,"Quartz Creek"
39,"2017-09-15",397.620505379926,NA,"Marten Lake"
40,"2017-09-15",389.890875465196,NA,"Snoqualmie Lake"
42,"2017-09-15",458.401167600668,NA,"CCC"
43,"2017-09-15",483.947650825982,NA,"Middle Fork Lake"
44,"2017-09-15",416.667629996093,NA,"Pratt River"
62,"2017-09-15",516.027935893215,NA,"Pratt Lake"
64,"2017-09-15",750.65564356162,NA,"Melakwa Lake Trail"
66,"2017-09-15",449.358854621586,NA,"Kaleetan Lake"
90,"2017-09-15",741.905420158905,NA,"Mailbox Peak"
91,"2017-09-15",403.825721467796,NA,"Boulder Garden"
93,"2017-09-15",792.42807187243,NA,"Mt. Si"
94,"2017-09-15",449.708600585823,NA,"Teneriffe"
95,"2017-09-15",419.460780018941,NA,"Granite Creek"
96,"2017-09-15",505.84396913361,NA,"Little Si"
97,"2017-09-15",404.906881093807,NA,"Thompson Lake"
98,"2017-09-15",401.511341673768,NA,"CCC Trail (DNR)"
99,"2017-09-15",528.8552457299,NA,"High Lakes"
100,"2017-09-15",397.620505379926,NA,"Williams Lake"
101,"2017-09-15",397.620505379926,NA,"Rock Creek"
102,"2017-09-15",397.620505379926,NA,"Nordrum Lake"
103,"2017-09-15",397.620505379926,NA,"Hester Lake"
104,"2017-09-15",397.620505379926,NA,"Granite Creak Connector"
105,"2017-09-15",401.016044799966,NA,"Dutch Miller Gap"
